source_id,url,fetched_at,http_status,content_type,content_length,content_sha256,etag,last_modified,outcome,raw_ref,reason,warnings
ea.flood.warnings,https://environment.data.gov.uk/flood-monitoring/id/floods,2026-10-01T00:36:44Z,200,application/json,24770,6e4b128f49adb86fbd738c05935a02c724c59913b90065733f74897ebc7c76ab,,"Thu, 01 Oct 2026 00:18:13 GMT",changed,raw/ea.flood.warnings/2026/10/20261001T003644Z-6e4b128f49ad.json.gz,,
ea.flood.warnings,https://environment.data.gov.uk/flood-monitoring/id/floods,2026-10-01T10:16:53Z,200,application/json,6876,dc924541107a4873739302fc9275c9bbdfe4e91e722704807e03925787cea929,,"Thu, 01 Oct 2026 10:03:13 GMT",changed,raw/ea.flood.warnings/2026/10/20261001T101653Z-dc924541107a.json.gz,,
ea.flood.warnings,https://environment.data.gov.uk/flood-monitoring/id/floods,2026-10-01T18:27:58Z,200,application/json,703,7e9556cb28459bfe14a3de1bbee631e175048ddfc84dfce9eb188842b2b27c9c,,"Thu, 01 Oct 2026 18:18:13 GMT",changed,raw/ea.flood.warnings/2026/10/20261001T182758Z-7e9556cb2845.json.gz,,
ea.flood.warnings,https://environment.data.gov.uk/flood-monitoring/id/floods,2026-10-02T00:52:55Z,200,application/json,703,7e9556cb28459bfe14a3de1bbee631e175048ddfc84dfce9eb188842b2b27c9c,,"Fri, 02 Oct 2026 00:33:11 GMT",unchanged,raw/ea.flood.warnings/2026/10/20261001T182758Z-7e9556cb2845.json.gz,,
ea.flood.warnings,https://environment.data.gov.uk/flood-monitoring/id/floods,2026-10-02T09:54:23Z,200,application/json,703,7e9556cb28459bfe14a3de1bbee631e175048ddfc84dfce9eb188842b2b27c9c,,"Fri, 02 Oct 2026 09:48:14 GMT",unchanged,raw/ea.flood.warnings/2026/10/20261001T182758Z-7e9556cb2845.json.gz,,
ea.flood.warnings,https://environment.data.gov.uk/flood-monitoring/id/floods,2026-10-02T17:54:56Z,200,application/json,2317,c6077d53d1635e5997b16997a514448d743f2ece837a901b43c542df985324d6,,"Fri, 02 Oct 2026 17:48:11 GMT",changed,raw/ea.flood.warnings/2026/10/20261002T175456Z-c6077d53d163.json.gz,,
ea.flood.warnings,https://environment.data.gov.uk/flood-monitoring/id/floods,2026-10-02T22:20:24Z,200,application/json,2317,c6077d53d1635e5997b16997a514448d743f2ece837a901b43c542df985324d6,,"Fri, 02 Oct 2026 21:48:13 GMT",unchanged,raw/ea.flood.warnings/2026/10/20261002T175456Z-c6077d53d163.json.gz,,
ea.flood.warnings,https://environment.data.gov.uk/flood-monitoring/id/floods,2026-10-03T05:27:00Z,200,application/json,2317,c6077d53d1635e5997b16997a514448d743f2ece837a901b43c542df985324d6,,"Sat, 03 Oct 2026 05:18:11 GMT",unchanged,raw/ea.flood.warnings/2026/10/20261002T175456Z-c6077d53d163.json.gz,,
ea.flood.warnings,https://environment.data.gov.uk/flood-monitoring/id/floods,2026-10-03T11:48:36Z,200,application/json,1921,7097483e2c1f17dcf05331c070fc31420a9db0b5064eed6f0fae50a5cb07c85e,,"Sat, 03 Oct 2026 11:33:12 GMT",changed,raw/ea.flood.warnings/2026/10/20261003T114836Z-7097483e2c1f.json.gz,,
ea.flood.warnings,https://environment.data.gov.uk/flood-monitoring/id/floods,2026-10-03T16:29:45Z,200,application/json,1921,7097483e2c1f17dcf05331c070fc31420a9db0b5064eed6f0fae50a5cb07c85e,,"Sat, 03 Oct 2026 16:18:12 GMT",unchanged,raw/ea.flood.warnings/2026/10/20261003T114836Z-7097483e2c1f.json.gz,,
ea.flood.warnings,https://environment.data.gov.uk/flood-monitoring/id/floods,2026-10-03T21:26:01Z,200,application/json,1921,7097483e2c1f17dcf05331c070fc31420a9db0b5064eed6f0fae50a5cb07c85e,,"Sat, 03 Oct 2026 21:18:12 GMT",unchanged,raw/ea.flood.warnings/2026/10/20261003T114836Z-7097483e2c1f.json.gz,,
ea.flood.warnings,https://environment.data.gov.uk/flood-monitoring/id/floods,2026-10-04T06:02:07Z,200,application/json,1921,7097483e2c1f17dcf05331c070fc31420a9db0b5064eed6f0fae50a5cb07c85e,,"Sun, 04 Oct 2026 05:48:12 GMT",unchanged,raw/ea.flood.warnings/2026/10/20261003T114836Z-7097483e2c1f.json.gz,,
ea.flood.warnings,https://environment.data.gov.uk/flood-monitoring/id/floods,2026-10-04T12:31:22Z,200,application/json,703,7e9556cb28459bfe14a3de1bbee631e175048ddfc84dfce9eb188842b2b27c9c,,"Sun, 04 Oct 2026 12:18:13 GMT",changed,raw/ea.flood.warnings/2026/10/20261004T123122Z-7e9556cb2845.json.gz,,
ea.flood.warnings,https://environment.data.gov.uk/flood-monitoring/id/floods,2026-10-04T18:40:08Z,200,application/json,703,7e9556cb28459bfe14a3de1bbee631e175048ddfc84dfce9eb188842b2b27c9c,,"Sun, 04 Oct 2026 18:33:12 GMT",unchanged,raw/ea.flood.warnings/2026/10/20261004T123122Z-7e9556cb2845.json.gz,,
ea.flood.warnings,https://environment.data.gov.uk/flood-monitoring/id/floods,2026-10-04T23:59:22Z,200,application/json,703,7e9556cb28459bfe14a3de1bbee631e175048ddfc84dfce9eb188842b2b27c9c,,"Sun, 04 Oct 2026 23:48:11 GMT",unchanged,raw/ea.flood.warnings/2026/10/20261004T123122Z-7e9556cb2845.json.gz,,
ea.flood.warnings,https://environment.data.gov.uk/flood-monitoring/id/floods,2026-10-05T05:52:31Z,200,application/json,703,7e9556cb28459bfe14a3de1bbee631e175048ddfc84dfce9eb188842b2b27c9c,,"Mon, 05 Oct 2026 05:33:11 GMT",unchanged,raw/ea.flood.warnings/2026/10/20261004T123122Z-7e9556cb2845.json.gz,,
ea.flood.warnings,https://environment.data.gov.uk/flood-monitoring/id/floods,2026-10-05T14:55:48Z,200,application/json,703,7e9556cb28459bfe14a3de1bbee631e175048ddfc84dfce9eb188842b2b27c9c,,"Mon, 05 Oct 2026 14:48:12 GMT",unchanged,raw/ea.flood.warnings/2026/10/20261004T123122Z-7e9556cb2845.json.gz,,
ea.flood.warnings,https://environment.data.gov.uk/flood-monitoring/id/floods,2026-10-05T22:04:05Z,200,application/json,3445,c98400da3f932f5fbc25b7dd66da1ae574f095faa5d6bf2795556e74b5ea1dea,,"Mon, 05 Oct 2026 21:48:12 GMT",changed,raw/ea.flood.warnings/2026/10/20261005T220405Z-c98400da3f93.json.gz,,
ea.flood.warnings,https://environment.data.gov.uk/flood-monitoring/id/floods,2026-10-06T06:31:02Z,200,application/json,3445,c98400da3f932f5fbc25b7dd66da1ae574f095faa5d6bf2795556e74b5ea1dea,,"Tue, 06 Oct 2026 06:18:14 GMT",unchanged,raw/ea.flood.warnings/2026/10/20261005T220405Z-c98400da3f93.json.gz,,
ea.flood.warnings,https://environment.data.gov.uk/flood-monitoring/id/floods,2026-10-06T16:01:21Z,200,application/json,3087,80cac0584a0052b0fe8fc6e2469d15cf859378792b96db27c85d6fca844c6df2,,"Tue, 06 Oct 2026 15:48:13 GMT",changed,raw/ea.flood.warnings/2026/10/20261006T160121Z-80cac0584a00.json.gz,,
ea.flood.warnings,https://environment.data.gov.uk/flood-monitoring/id/floods,2026-10-06T22:41:41Z,200,application/json,3087,80cac0584a0052b0fe8fc6e2469d15cf859378792b96db27c85d6fca844c6df2,,"Tue, 06 Oct 2026 21:48:13 GMT",unchanged,raw/ea.flood.warnings/2026/10/20261006T160121Z-80cac0584a00.json.gz,,
ea.flood.warnings,https://environment.data.gov.uk/flood-monitoring/id/floods,2026-10-07T06:10:06Z,200,application/json,3087,80cac0584a0052b0fe8fc6e2469d15cf859378792b96db27c85d6fca844c6df2,,"Wed, 07 Oct 2026 06:03:13 GMT",unchanged,raw/ea.flood.warnings/2026/10/20261006T160121Z-80cac0584a00.json.gz,,
ea.flood.warnings,https://environment.data.gov.uk/flood-monitoring/id/floods,2026-10-07T13:35:46Z,200,application/json,2363,9ed3d1491a0b6bd0133ef10c4eb68897fa20e78dc4c272152461859f4114714d,,"Wed, 07 Oct 2026 13:18:14 GMT",changed,raw/ea.flood.warnings/2026/10/20261007T133546Z-9ed3d1491a0b.json.gz,,
ea.flood.warnings,https://environment.data.gov.uk/flood-monitoring/id/floods,2026-10-07T20:39:57Z,200,application/json,6640,e403ed4d363fd27e99c1d08f77ffce804a6093dbb76c40ae57023dfa81aad663,,"Wed, 07 Oct 2026 20:33:13 GMT",changed,raw/ea.flood.warnings/2026/10/20261007T203957Z-e403ed4d363f.json.gz,,
ea.flood.warnings,https://environment.data.gov.uk/flood-monitoring/id/floods,2026-10-08T01:03:47Z,200,application/json,6640,e403ed4d363fd27e99c1d08f77ffce804a6093dbb76c40ae57023dfa81aad663,,"Thu, 08 Oct 2026 00:48:13 GMT",unchanged,raw/ea.flood.warnings/2026/10/20261007T203957Z-e403ed4d363f.json.gz,,
ea.flood.warnings,https://environment.data.gov.uk/flood-monitoring/id/floods,2026-10-08T10:44:20Z,200,application/json,7379,0ab0f8b1fa79dcac2e75a299fb3c715a3259658acabc7916d6bb1a7dd3baabdb,,"Thu, 08 Oct 2026 10:33:14 GMT",changed,raw/ea.flood.warnings/2026/10/20261008T104420Z-0ab0f8b1fa79.json.gz,,
ea.flood.warnings,https://environment.data.gov.uk/flood-monitoring/id/floods,2026-10-08T18:54:15Z,200,application/json,10077,80c7a1a71646ca1ff7608d906b554a1c893170a716f8d08f439159fb89f74332,,"Thu, 08 Oct 2026 18:48:12 GMT",changed,raw/ea.flood.warnings/2026/10/20261008T185415Z-80c7a1a71646.json.gz,,
ea.flood.warnings,https://environment.data.gov.uk/flood-monitoring/id/floods,2026-10-09T01:16:05Z,200,application/json,10077,80c7a1a71646ca1ff7608d906b554a1c893170a716f8d08f439159fb89f74332,,"Fri, 09 Oct 2026 01:03:11 GMT",unchanged,raw/ea.flood.warnings/2026/10/20261008T185415Z-80c7a1a71646.json.gz,,
ea.flood.warnings,https://environment.data.gov.uk/flood-monitoring/id/floods,2026-10-09T10:43:10Z,200,application/json,10032,b3962f8a75a40ec966d3eecabb28b2a11a83a5737c994989dde3907c8046e8aa,,"Fri, 09 Oct 2026 10:33:12 GMT",changed,raw/ea.flood.warnings/2026/10/20261009T104310Z-b3962f8a75a4.json.gz,,
ea.flood.warnings,https://environment.data.gov.uk/flood-monitoring/id/floods,2026-10-09T18:25:00Z,200,application/json,22873,ae44c8c07ae7cc537edc6531acef90416c3b0b4a157256e6cf6421773388b65e,,"Fri, 09 Oct 2026 18:03:13 GMT",changed,raw/ea.flood.warnings/2026/10/20261009T182500Z-ae44c8c07ae7.json.gz,,
ea.flood.warnings,https://environment.data.gov.uk/flood-monitoring/id/floods,2026-10-09T22:46:03Z,200,application/json,22874,81859f67ea3bf256207cf448ea7015a22d80bcfd99bad0eab2a695c1e46f4587,,"Fri, 09 Oct 2026 21:48:12 GMT",changed,raw/ea.flood.warnings/2026/10/20261009T224603Z-81859f67ea3b.json.gz,,
ea.flood.warnings,https://environment.data.gov.uk/flood-monitoring/id/floods,2026-10-10T06:01:39Z,200,application/json,22874,81859f67ea3bf256207cf448ea7015a22d80bcfd99bad0eab2a695c1e46f4587,,"Sat, 10 Oct 2026 05:48:11 GMT",unchanged,raw/ea.flood.warnings/2026/10/20261009T224603Z-81859f67ea3b.json.gz,,
ea.flood.warnings,https://environment.data.gov.uk/flood-monitoring/id/floods,2026-10-10T12:42:46Z,200,application/json,25234,ae4407ef630d2adb612fdb9ac24572b09a5de189ce9b06291f8f7371abd91816,,"Sat, 10 Oct 2026 12:33:11 GMT",changed,raw/ea.flood.warnings/2026/10/20261010T124246Z-ae4407ef630d.json.gz,,
ea.flood.warnings,https://environment.data.gov.uk/flood-monitoring/id/floods,2026-10-10T19:20:30Z,200,application/json,22670,7881839b44eff0fef933d76767c25e792ffde4dbc4161eecce9875a782bf555f,,"Sat, 10 Oct 2026 19:03:11 GMT",changed,raw/ea.flood.warnings/2026/10/20261010T192030Z-7881839b44ef.json.gz,,
